{"Train_loss": 1.5706047243772, "Train_acc": 0.4666873256894949, "Train_F1": 0.42740728141627093, "Best_train_f1": 0.0, "L1": 0.05188729241490364, "_timestamp": 1710834944.2347033, "_runtime": 57.584012269973755, "_step": 1, "Val_loss": 1.1232997738551296, "Val_acc": 0.575208913649025, "Val_F1": 0.530451493484355, "Best_F1": 0.530451493484355, "Best_F1_acc": 0.575208913649025, "_wandb": {"runtime": 59}}