{"Train_SR_loss": 9.995465273950614, "Train_ESS": 0.4300016274908909, "Train_L1_norm": 1.8131439013358874, "_timestamp": 1701437478.275017, "_runtime": 327.9088349342346, "_step": 0, "_wandb": {"runtime": 381}}